<?xml version="1.0" encoding="UTF-8"?>
<!DOCTYPE mapper PUBLIC "-//mybatis.org//DTD Mapper 3.0//EN" "http://mybatis.org/dtd/mybatis-3-mapper.dtd">
<mapper namespace="xyz.itwill10.mapper.PointBoardMapper">
	<insert id="insertPointBoard">
		<selectKey resultType="int" keyProperty="num" order="BEFORE">
			select pointboard_seq.nextval from dual
		</selectKey>
		insert into pointboard values(#{num}, #{writer}, #{subject})
	</insert>
	
	<delete id="deletePointBoard">
		delete from pointboard where num=#{num}
	</delete>
	
	<select id="selectPointBoard" resultType="PointBoard">
		select * from pointboard where num=#{num}
	</select>
	
	<select id="selectPointBoardList" resultType="PointBoard">
		select * from pointboard order by num desc
	</select>
</mapper>