<?xml version="1.0" encoding="UTF-8"?>
<!DOCTYPE mapper PUBLIC "-//mybatis.org//DTD Mapper 3.0//EN" "http://mybatis.org/dtd/mybatis-3-mapper.dtd">
<mapper namespace="xyz.itwill10.mapper.RestBoardMapper">
	<insert id="insertRestBoard">
		<selectKey resultType="int" keyProperty="num" order="BEFORE">
			select rest_board_seq.nextval from dual
		</selectKey>
		insert into rest_board values(#{num}, #{writer}, #{content}, sysdate)
	</insert>
	
	<update id="updateRestBoard">
		update rest_board set writer=#{writer},content=#{content} where num=#{num}
	</update>
	
	<delete id="deleteRestBoard">
		delete from rest_board where num=#{num}
	</delete>
	
	<select id="selectRestBoardCount" resultType="int">
		select count(*) from rest_board
	</select>
	
	<select id="selectRestBoard" resultType="RestBoard">
		select * from rest_board where num=#{num}
	</select>
	
	<select id="selectRestBoardList" resultType="RestBoard">
		select * from (select rownum rn,board.* from (select * from rest_board order by num desc)
			board) where rn between #{startRow} and #{endRow}
	</select>
</mapper>




