<?xml version="1.0" encoding="UTF-8"?>
<!DOCTYPE mapper PUBLIC "-//mybatis.org//DTD Mapper 3.0//EN" "http://mybatis.org/dtd/mybatis-3-mapper.dtd">
<mapper namespace="xyz.itwill.mapper.MyUserMapper">
	<insert id="insertUser" parameterType="MyUser">
		insert into myuser values(#{userId}, #{userName})
	</insert>
	
	<!-- 문제점 : 검색행의 컬럼명과 DTO 클래스의 필드명이 모두 다르면 검색행의 컬럼값이 DTO 클래스의 
	필드에 하나도 저장되지 않아 DTO 인스턴스를 생성하여 제공하지 않고 NULL 제공 -->
	<!-- 
	<select id="selectUserList" resultType="MyUser">
		select * from myuser order by user_id
	</select>
	-->
	 
	<!-- 해결방법-1 : 검색행의 컬럼명을 DTO 클래스의 필드명과 같도록 검색 -->
	<!-- => SELECT 명령에서 Column Alias 기능을 이용하여 검색대상에 별칭을 설정하여 검색 -->
	<!--  
	<select id="selectUserList" resultType="MyUser">
		select user_id userId,user_name userName from myuser order by user_id
	</select>
	-->
	
	<!-- sql : SQL 명령을 구성하는 일부분의 문장을 등록하기 위한 엘리먼트 -->
	<sql id="selectColumn">
		user_id userId,user_name userName
	</sql>
	
	<!-- include : sql 엘리먼트에 등록된 SQL 문장을 SQL 명령에 포함하는 엘리먼트  -->
	<!-- refid 속성 : sql 엘리먼트를 구분하기 위한 식별자를 속성값으로 설정 -->
	<!-- 
	<select id="selectUserList" resultType="MyUser">
		select <include refid="selectColumn"/> from myuser order by user_id
	</select>
	-->
	
	<!-- 해결방법-2 : mabatis 환경설정파일에서 setting 엘리먼트를 이용하여 [mapUnderscoreToCamelCase]라는
	이름으로 적용된 실행 관련 값을 [true]로 변경 -->
	<!-- => 등록된 SQL 명령에서 사용된 스네이크 표기법의 식별자를 자동으로 카멜 표기법으로 변경하여 검색 -->
	<!--  	
	<select id="selectUserList" resultType="MyUser">
		select * from myuser order by user_id
	</select>
	-->
	
	<!-- resultMap : 검색행의 컬럼값을 클래스의 필드에 매핑되어 저장되도록 설정하는 상위 엘리먼트 -->
	<!-- type 속성 : 검색행의 컬럼값을 저장하기 위한 필드가 선언된 DTO 클래스를 속성값으로 설정 -->
	<!-- => 클래스명 대신 별칭 사용 가능 -->
	<resultMap type="MyUser" id="myUserResultMap">
		<!-- id : 검색행의 컬럼값을 클래스의 필드에 저장되도록 매핑 설정하는 엘리먼트 -->
		<!-- => PK 제약조건이 부여된 컬럼값을 매핑 처리할 때 사용 -->
		<!-- column 속성 : 검색행의 컬럼값이 저장된 컬럼명을 속성값으로 설정 -->
		<!-- property 속성 : 검색행의 컬럼값이 저장될 클래스의 필드명을 속성값으로 설정 -->
		<id column="user_id" property="userId"/>
		<!-- result : 검색행의 컬럼값을 클래스의 필드에 저장되도록 매핑 설정하는 엘리먼트 -->
		<result column="user_name" property="userName"/>
	</resultMap>
	
	<!-- resultMap 속성 : 매핑정보가 저장된 resultMap 엘리먼트의 식별자를 속성값으로 설정 - 수동 매핑 처리 -->
	<select id="selectUserList" resultMap="myUserResultMap">
		select * from myuser order by user_id
	</select>
</mapper>
