<?xml version="1.0" encoding="UTF-8"?>
<beans:beans xmlns="http://www.springframework.org/schema/mvc"
	xmlns:xsi="http://www.w3.org/2001/XMLSchema-instance"
	xmlns:beans="http://www.springframework.org/schema/beans"
	xmlns:context="http://www.springframework.org/schema/context"
	xmlns:tx="http://www.springframework.org/schema/tx"
	xmlns:aop="http://www.springframework.org/schema/aop"
	xsi:schemaLocation="http://www.springframework.org/schema/mvc https://www.springframework.org/schema/mvc/spring-mvc.xsd
		http://www.springframework.org/schema/beans https://www.springframework.org/schema/beans/spring-beans.xsd
		http://www.springframework.org/schema/context https://www.springframework.org/schema/context/spring-context.xsd
		http://www.springframework.org/schema/aop http://www.springframework.org/schema/aop/spring-aop.xsd
		http://www.springframework.org/schema/tx http://www.springframework.org/schema/tx/spring-tx.xsd">

	<!-- DispatcherServlet Context: defines this servlet's request-processing infrastructure -->
	
	<!-- Enables the Spring MVC @Controller programming model -->
	<!-- annotation-driven : @Controller 어노테이션을 이용하여 Controller 클래스를 Spring Bean으로
	등록하여 요청 처리 메소드로 클라이언트의 요청을 처리할 수 있도록 지원하는 엘리먼트 -->
	<annotation-driven />

	<!-- Handles HTTP GET requests for /resources/** by efficiently serving up static resources in the ${webappRoot}/resources directory -->
	<!-- resources : 클라이언트 요청에 대해 Front Controller를 사용하지 않고 직접 응답되도록 설정하는 엘리먼트 -->
	<!-- => 리소스 파일을 클라이언트에게 직접 제공하기 위해 사용 -->
	<!-- mapping 속성 : 리소스 파일을 요청할 수 있는 URL 주소의 패턴을 속성값으로 설정 -->
	<!-- => [**] 기호를 속성값으로 사용한 경우 하위 폴더를 포함한 모든 리소스 파일에 대한 URL 주소를 표현 -->
	<!-- location 속성 : 리소스 파일이 저장된 폴더 경로를 속성값으로 설정 -->
	<!-- <resources mapping="/resources/**" location="/resources/" /> -->
	<resources mapping="/images/**" location="/resources/images/" />
	<resources mapping="/css/**" location="/resources/css/" />
	<resources mapping="/js/**" location="/resources/js/" />

	<!-- Resolves views selected for rendering by @Controllers to .jsp resources in the /WEB-INF/views directory -->
	<!-- InternalResourceViewResolver : 요청 처리 메소드에서 반환되는 ViewName를 전달받아
	응답 처리를 위한 JSP 문서의 경로로 변환하여 제공하는 클래스 -->
	<beans:bean class="org.springframework.web.servlet.view.InternalResourceViewResolver">
		<beans:property name="prefix" value="/WEB-INF/views/" />
		<beans:property name="suffix" value=".jsp" />
		<beans:property name="order" value="3"/>
	</beans:bean>
	
	<!-- UrlBasedViewResolver 클래스를 Spring Bean으로 등록  -->
	<!-- UrlBasedViewResolver : Spring Framework에서 제공하는 ViewResolver가 아닌 외부에서 제공하는
	ViewResolver를 이용하여 응답 처리하기 위한 기능을 제공하는 객체 -->
	<beans:bean class="org.springframework.web.servlet.view.UrlBasedViewResolver">
		<!-- viewClass 필드에 외부에서 제공하는 ViewResolver 클래스(TilesView)를 인젝션 처리 -->
		<beans:property name="viewClass" value="org.springframework.web.servlet.view.tiles3.TilesView"/>
		<!-- order 필드에는 ViewResolver 사용 관련 우선순위를 정수값으로 인젝션 처리 -->
		<!-- => 정수값이 낮을수록 우선순위가 높게 설정 -->
		<beans:property name="order" value="2"/>
	</beans:bean>
	
	<!-- TilesConfigurer 클래스를 Spring Bean으로 등록  -->
	<!-- TilesConfigurer : Tiles 프로그램에서 사용할 템플릿 페이지 정보가 저장된 XML 파일(Tiles Configuration File)의
	경로를 저장하기 위한 객체 -->
	<beans:bean class="org.springframework.web.servlet.view.tiles3.TilesConfigurer">
		<!-- definitions 필드에 List 객체를 생성하여 인젝션 처리 -->
		<!-- => List 객체의 요소로 Tiles Configuration File의 경로를 추가 -->
		<beans:property name="definitions">
			<beans:list>
				<beans:value>/WEB-INF/spring/appServlet/tiles.xml</beans:value>
			</beans:list>
		</beans:property>
	</beans:bean>
	
	<!-- component-scan : Spring Annotation을 사용한 클래스가 작성된 패키지를 설정하기 위한 엘리먼트 -->
	<!-- => 패키지에 작성된 클래스의 어노테이션을 Spring Container가 처리 -->
	<!-- base-package 속성 : 패키지 경로를 속성값으로 설정 -->
	<!-- <context:component-scan base-package="xyz.itwill.controller" /> -->
	<context:component-scan base-package="xyz.itwill10.controller"/>
	<context:component-scan base-package="xyz.itwill10.dao"/>
	<context:component-scan base-package="xyz.itwill10.service"/>
	
	<!-- advice : TransactionManager 관련 Spring Bean를 Advisor로 설정하기 위한 엘리먼트 -->
	<!-- Advisor : JoinPoint가 설정된 횡단관심모듈이 등록된 Advice 클래스의 Spring Bean -->
	<!-- id 속성 : advice 엘리먼트를 구분하기 위한 식별자를 속성값으로 설정 -->
	<!-- transaction-manager 속성 : TransactionManager 관련 Spring Bean의 beanName를 속성값으로 설정 -->
	<!-- attributes : 트렌젝션 관리자에 의해 처리될 메소드를 설정하는 엘리먼트 -->
	<!-- method : 트렌젝션 관리자에 의해 처리될 메소드 이름을 설정하는 엘리먼트 -->
	<!-- name 속성 : 트렌젝션 관리자에 의해 처리될 메소드 이름을 속성값으로 설정 -->
	<!-- rollback-for 속성 : ROLLBACK 명령이 실행되기 위한 예외를 속성값으로 설정 -->
	<!-- read-only 속성 : false(기본) 또는 true(읽기 전용) 중 하나를 속성값으로 설정 -->
	<!-- 
	<tx:advice id="txAdvice" transaction-manager="transactionManager">
		<tx:attributes>
			<tx:method name="add*" rollback-for="Exception"/>
			<tx:method name="modify*" rollback-for="Exception"/>
			<tx:method name="erase*" rollback-for="Exception"/>
			<tx:method name="get*" read-only="true"/>
		</tx:attributes>
	</tx:advice>
	-->
	 
	<!-- config : AspectJ 프로그램을 이용하여 AOP 설정 엘리먼트 -->
	<!-- advisor : tx 네임스페이스의 advice 엘리먼트로 등록된 Advisor를 사용하기 위한 엘리먼트 -->
	<!-- advice-ref 속성 : tx 네임스페이스의 advice 엘리먼트의 식별자를 속성값으로 설정 -->
	<!-- 
	<aop:config>
		<aop:advisor advice-ref="txAdvice" pointcut="execution(* xyz.itwill10.service..*(..))"/>	
	</aop:config>
	-->
	
	<!-- Interceptor 클래스를 Spring Bean으로 등록 -->
	<beans:bean class="xyz.itwill10.util.AdminAuthInterceptor" id="adminAuthInterceptor"/>
	<beans:bean class="xyz.itwill10.util.LoginAuthIntercetor" id="loginAuthIntercetor"/>
	
	<!-- interceptors : 인터셉터를 설정하기 위한 상위 엘리먼트 -->
	<interceptors>
		<!-- interceptor : 인터셉터를 등록하기 위한 엘리먼트 -->
		<interceptor>
			<!-- mapping : 인터셉터가 동작될 요청 URL 주소의 패턴을 등록하는 엘리먼트 -->
			<!-- path 속성 : 클라이언트의 요청 URL 주소의 패턴을 속성값으로 설정 -->
			<mapping path="/userinfo/join"/>
			<mapping path="/userinfo/modify"/>
			<mapping path="/userinfo/remove"/>
			<!-- ref : 클라이언트 요청에 의해 동작될 Interceptor SpringBean을 등록하는 엘리먼트 -->
			<!-- bean 속성 : Interceptor 클래스의 Spring BeanName을 속성값으로 설정 -->
			<beans:ref bean="adminAuthInterceptor"/>
		</interceptor>
		
		<interceptor>
			<!-- * : 현재 폴더의 모든 페이지, ** : 현재 폴더와 하위 폴더의 모든 페이지 -->
			<!-- <mapping path="/userinfo/*"/> -->
			<!-- <mapping path="/userinfo/li*"/> -->
			<!-- <mapping path="/userinfo/**"/> -->
			<!-- exclude-mapping : 인터셉터가 동작되지 않는 요청 URL 주소의 패턴을 설정하는 엘리먼트 -->
			<!-- <exclude-mapping path="/userinfo/login"/>  -->
			
			<mapping path="/userinfo/list"/>			
			<mapping path="/userinfo/view"/>			
			<beans:ref bean="loginAuthIntercetor"/>
		</interceptor>
	</interceptors>
</beans:beans>







