<?xml version="1.0" encoding="UTF-8"?>
<!DOCTYPE mapper PUBLIC "-//mybatis.org//DTD Mapper 3.0//EN" "http://mybatis.org/dtd/mybatis-3-mapper.dtd">
<mapper namespace="xyz.itwill10.mapper.FileBoardMapper">
	<insert id="insertFileBoard">
		<selectKey resultType="int" keyProperty="num" order="BEFORE">
			select fileboard_seq.nextval from dual
		</selectKey>
		insert into fileboard values(#{num},#{writer},#{subject},#{origin},#{upload})
	</insert>
	
	<delete id="deleteFileBoard">
		delete from fileboard where num=#{num}
	</delete>
	
	<select id="selectFileBoard" resultType="FileBoard">
		select * from fileboard where num=#{num}
	</select>
	
	<select id="selectFileBoardList" resultType="FileBoard">
		select * from fileboard order by num desc
	</select>
</mapper>